{
    "progression_percentage": 2.3935916103761268,
    "standard_error": 0.2883737758406937,
    "average_steps": 1187.8,
    "episodes_played": 5,
    "tasks": {
        "NetHackChallenge-v0": {
            "progression_percentage": 2.3935916103761268,
            "standard_error": 0.2883737758406937,
            "episodes_played": 5
        }
    },
    "input_tokens": 48624212,
    "output_tokens": 1207313
}