{
    "progression_percentage": 49.54545454545454,
    "standard_error": 3.1128897578661685,
    "average_steps": 222.9,
    "episodes_played": 10,
    "tasks": {
        "default": {
            "progression_percentage": 49.54545454545454,
            "standard_error": 3.1128897578661685,
            "episodes_played": 10
        }
    },
    "input_tokens": 4176575,
    "output_tokens": 11799
}