{
    "progression_percentage": 30.588235294117645,
    "standard_error": 7.011826117202667,
    "average_steps": 55.166666666666664,
    "episodes_played": 30,
    "tasks": {
        "coin_collector": {
            "progression_percentage": 0.0,
            "standard_error": 0.0,
            "episodes_played": 10
        },
        "the_cooking_game": {
            "progression_percentage": 31.764705882352946,
            "standard_error": 4.7205653288797365,
            "episodes_played": 10
        },
        "treasure_hunter": {
            "progression_percentage": 60.0,
            "standard_error": 15.491933384829665,
            "episodes_played": 10
        }
    },
    "input_tokens": 2481619,
    "output_tokens": 18880
}