{
    "progression_percentage": 54.99999999999999,
    "standard_error": 6.4426907781461855,
    "average_steps": 302.5,
    "episodes_played": 10,
    "tasks": {
        "default": {
            "progression_percentage": 54.99999999999999,
            "standard_error": 6.4426907781461855,
            "episodes_played": 10
        }
    },
    "input_tokens": 5384557,
    "output_tokens": 5127
}