{
    "progression_percentage": 2.6033743553721593,
    "standard_error": 0.26989723038984104,
    "average_steps": 6221.8,
    "episodes_played": 5,
    "tasks": {
        "NetHackChallenge-v0": {
            "progression_percentage": 2.6033743553721593,
            "standard_error": 0.26989723038984104,
            "episodes_played": 5
        }
    },
    "input_tokens": 280602537,
    "output_tokens": 31480
}