{
    "progression_percentage": 51.372549019607824,
    "standard_error": 8.387635456618305,
    "average_steps": 35.56666666666667,
    "episodes_played": 30,
    "tasks": {
        "coin_collector": {
            "progression_percentage": 100.0,
            "standard_error": 0.0,
            "episodes_played": 10
        },
        "the_cooking_game": {
            "progression_percentage": 14.117647058823529,
            "standard_error": 2.2321959954129738,
            "episodes_played": 10
        },
        "treasure_hunter": {
            "progression_percentage": 40.0,
            "standard_error": 15.491933384829668,
            "episodes_played": 10
        }
    },
    "input_tokens": 1558618,
    "output_tokens": 6229
}