{
    "progression_percentage": 24.09090909090909,
    "standard_error": 3.152461978981764,
    "average_steps": 233.9,
    "episodes_played": 10,
    "tasks": {
        "default": {
            "progression_percentage": 24.09090909090909,
            "standard_error": 3.152461978981764,
            "episodes_played": 10
        }
    },
    "input_tokens": 4370694,
    "output_tokens": 11452
}