{
    "progression_percentage": 2.02576990036468,
    "standard_error": 0.520914452774603,
    "average_steps": 843.2,
    "episodes_played": 5,
    "tasks": {
        "NetHackChallenge-v0": {
            "progression_percentage": 2.02576990036468,
            "standard_error": 0.520914452774603,
            "episodes_played": 5
        }
    },
    "input_tokens": 33583697,
    "output_tokens": 18377
}