{
    "progression_percentage": 48.63636363636363,
    "standard_error": 3.152461978981763,
    "average_steps": 257.9,
    "episodes_played": 10,
    "tasks": {
        "default": {
            "progression_percentage": 48.63636363636363,
            "standard_error": 3.152461978981763,
            "episodes_played": 10
        }
    },
    "input_tokens": 5303170,
    "output_tokens": 668545
}