{
    "progression_percentage": 3.9558753954374732,
    "standard_error": 0.7740549376300914,
    "average_steps": 3600.6,
    "episodes_played": 5,
    "tasks": {
        "NetHackChallenge-v0": {
            "progression_percentage": 3.9558753954374732,
            "standard_error": 0.7740549376300914,
            "episodes_played": 5
        }
    },
    "input_tokens": 132572485,
    "output_tokens": 166267
}