{
    "progression_percentage": 59.019607843137244,
    "standard_error": 7.967076299031005,
    "average_steps": 52.36666666666667,
    "episodes_played": 30,
    "tasks": {
        "coin_collector": {
            "progression_percentage": 90.0,
            "standard_error": 9.486832980505138,
            "episodes_played": 10
        },
        "the_cooking_game": {
            "progression_percentage": 27.058823529411768,
            "standard_error": 6.56086752639938,
            "episodes_played": 10
        },
        "treasure_hunter": {
            "progression_percentage": 60.0,
            "standard_error": 15.491933384829668,
            "episodes_played": 10
        }
    },
    "input_tokens": 2452876,
    "output_tokens": 130359
}