{
    "progression_percentage": 39.09090909090909,
    "standard_error": 4.126111170149169,
    "average_steps": 245.1,
    "episodes_played": 10,
    "tasks": {
        "default": {
            "progression_percentage": 39.09090909090909,
            "standard_error": 4.126111170149169,
            "episodes_played": 10
        }
    },
    "input_tokens": 4294259,
    "output_tokens": 26462
}