{
    "progression_percentage": 1.3236446476679857,
    "standard_error": 0.49683030802903005,
    "average_steps": 2730.8,
    "episodes_played": 5,
    "tasks": {
        "NetHackChallenge-v0": {
            "progression_percentage": 1.3236446476679857,
            "standard_error": 0.49683030802903005,
            "episodes_played": 5
        }
    },
    "input_tokens": 75857942,
    "output_tokens": 144234
}