{
    "progression_percentage": 57.272727272727266,
    "standard_error": 4.416348291451317,
    "average_steps": 237.7,
    "episodes_played": 10,
    "tasks": {
        "default": {
            "progression_percentage": 57.272727272727266,
            "standard_error": 4.416348291451317,
            "episodes_played": 10
        }
    },
    "input_tokens": 4063213,
    "output_tokens": 3863
}