{
    "progression_percentage": 60.196078431372555,
    "standard_error": 7.516140946500993,
    "average_steps": 55.766666666666666,
    "episodes_played": 30,
    "tasks": {
        "coin_collector": {
            "progression_percentage": 100.0,
            "standard_error": 0.0,
            "episodes_played": 10
        },
        "the_cooking_game": {
            "progression_percentage": 30.588235294117645,
            "standard_error": 1.392018772494027,
            "episodes_played": 10
        },
        "treasure_hunter": {
            "progression_percentage": 50.0,
            "standard_error": 15.811388300841896,
            "episodes_played": 10
        }
    },
    "input_tokens": 2518068,
    "output_tokens": 4433
}