{
    "progression_percentage": 46.81818181818181,
    "standard_error": 4.168456915676499,
    "average_steps": 234.5,
    "episodes_played": 10,
    "tasks": {
        "default": {
            "progression_percentage": 46.81818181818181,
            "standard_error": 4.168456915676499,
            "episodes_played": 10
        }
    },
    "input_tokens": 3784161,
    "output_tokens": 4009
}