{
    "progression_percentage": 3.0282873876275773,
    "standard_error": 0.511521245226148,
    "average_steps": 3076.4,
    "episodes_played": 5,
    "tasks": {
        "NetHackChallenge-v0": {
            "progression_percentage": 3.0282873876275773,
            "standard_error": 0.511521245226148,
            "episodes_played": 5
        }
    },
    "input_tokens": 110954540,
    "output_tokens": 16513
}