{
    "progression_percentage": 6.771088250422433,
    "standard_error": 3.207697057804717,
    "average_steps": 1829.4,
    "episodes_played": 5,
    "tasks": {
        "NetHackChallenge-v0": {
            "progression_percentage": 6.771088250422433,
            "standard_error": 3.207697057804717,
            "episodes_played": 5
        }
    },
    "input_tokens": 62943468,
    "output_tokens": 8882
}